target_genome	target_case_group	control_genome	control_reused	target_source	control_source	target_label_group	control_label_group	target_records	control_records	target_median_length	control_median_length
virus__NC_028746.1	ga_rescued_positive	virus__NC_009812.1	0	virus	virus	Duplodnaviria	Duplodnaviria	15	14	1155.0	1153.0
virus__NC_055026.1	ga_rescued_positive	virus__NC_042029.1	0	virus	virus	Duplodnaviria	Duplodnaviria	37	39	1014.0	1029.0
virus__NC_047992.1	ga_rescued_positive	virus__NC_054893.1	0	virus	virus	Duplodnaviria	Duplodnaviria	47	45	995.0	1044.0
virus__NC_011589.1	ga_rescued_positive	virus__NC_049435.1	0	virus	virus	Duplodnaviria	Duplodnaviria	35	35	1225.0	1208.0
virus__NC_040541.1	ga_rescued_positive	virus__NC_038442.1	0	virus	virus	SmallRealm	SmallRealm	2	2	1353.0	1345.0
virus__NC_026162.1	ga_rescued_positive	virus__NC_038491.1	0	virus	virus	SmallRealm	SmallRealm	3	3	589.0	577.0
virus__NC_026642.1	ga_rescued_positive	virus__NC_055584.1	0	virus	virus	SmallRealm	SmallRealm	3	3	580.0	577.0
virus__NC_035196.1	ga_rescued_positive	virus__NC_035122.1	0	virus	virus	SmallRealm	SmallRealm	4	4	473.0	507.0
virus__NC_007756.1	ga_rescued_positive	virus__NC_022037.1	0	virus	virus	Riboviria	Riboviria	2	2	793.5	794.5
virus__NC_014528.1	ga_rescued_positive	virus__NC_007753.1	0	virus	virus	Riboviria	Riboviria	2	2	527.5	524.0
virus__NC_035463.1	ga_rescued_positive	virus__NC_033028.1	0	virus	virus	Riboviria	Riboviria	4	4	550.0	533.5
virus__NC_014523.1	ga_rescued_positive	virus__NC_011065.1	0	virus	virus	Riboviria	Riboviria	3	3	839.0	804.0
virus__NC_013231.1	ga_rescued_positive	virus__NC_010347.1	0	virus	virus	Riboviria	Riboviria	3	3	371.0	378.0
virus__NC_033290.1	ga_rescued_positive	virus__NC_003024.1	0	virus	virus	Riboviria	Riboviria	1	1	1065.0	1036.0
virus__NC_038612.1	ga_rescued_positive	virus__NC_007746.1	0	virus	virus	Riboviria	Riboviria	1	1	742.0	705.0
virus__NC_025853.1	ga_rescued_positive	virus__NC_033286.1	0	virus	virus	Riboviria	Riboviria	2	2	755.0	758.0
virus__NC_040497.1	ga_rescued_positive	virus__NC_004180.1	0	virus	virus	Riboviria	Riboviria	2	2	926.5	919.0
virus__NC_038571.1	ga_rescued_positive	virus__NC_010346.1	0	virus	virus	Riboviria	Riboviria	2	2	800.0	804.5
virus__NC_055625.1	ga_rescued_positive	virus__NC_032232.1	0	virus	virus	Riboviria	Riboviria	4	4	524.0	528.5
virus__NC_021588.1	ga_rescued_positive	virus__NC_015135.1	0	virus	virus	Riboviria	Riboviria	1	1	1084.0	1138.0
virus__NC_028496.1	ga_rescued_positive	virus__NC_032153.1	0	virus	virus	Riboviria	Riboviria	4	4	602.0	586.0
virus__NC_038746.1	ga_rescued_positive	virus__NC_055451.1	0	virus	virus	Riboviria	Riboviria	3	3	466.0	456.0
virus__NC_055531.1	ga_rescued_positive	virus__NC_040770.1	0	virus	virus	Riboviria	Riboviria	11	11	1076.0	1173.0
virus__NC_055495.1	ga_rescued_positive	virus__NC_006320.1	0	virus	virus	Riboviria	Riboviria	4	4	999.5	994.0
virus__NC_009000.1	ga_rescued_positive	virus__NC_040562.1	0	virus	virus	SmallRealm	SmallRealm	4	4	879.5	844.5
virus__NC_008857.1	ga_rescued_positive	virus__NC_040668.1	0	virus	virus	SmallRealm	SmallRealm	3	3	523.0	507.0
virus__NC_013585.1	ga_rescued_positive	virus__NC_009965.1	0	virus	virus	SmallRealm	SmallRealm	23	23	1068.0	1024.0
virus__NC_008954.1	ga_rescued_positive	virus__NC_040626.1	0	virus	virus	SmallRealm	SmallRealm	4	4	927.5	919.5
virus__NC_008955.1	ga_rescued_positive	virus__NC_040843.1	0	virus	virus	SmallRealm	SmallRealm	6	6	509.0	465.5
virus__NC_032964.1	ga_rescued_positive	virus__NC_032937.1	0	virus	virus	Riboviria	Riboviria	5	5	415.0	426.0
virus__NC_007029.1	ga_rescued_positive	virus__NC_001457.1	0	virus	virus	SmallRealm	SmallRealm	6	6	1039.0	1184.5
virus__NC_005817.1	ga_rescued_positive	virus__NC_024917.1	0	virus	virus	Riboviria	Riboviria	4	4	375.5	400.5
virus__NC_008923.1	ga_rescued_positive	virus__NC_027197.1	0	virus	virus	SmallRealm	SmallRealm	3	3	1002.0	1052.0
bacteria__GCF_000224985.1_ASM22498v1	ga_corrected_negative	bacteria__GCF_013201705.1_ASM1320170v1	0	bacteria	bacteria	bacteria	bacteria	7	7	1204.0	1164.0
bacteria__GCF_000513475.1_Bbla	ga_corrected_negative	bacteria__GCF_000364725.1_ASM36472v1	0	bacteria	bacteria	bacteria	bacteria	2	1	1099.0	1266.0
bacteria__GCF_002795265.1_ASM279526v1	ga_corrected_negative	bacteria__GCF_009856525.1_ASM985652v1	0	bacteria	bacteria	bacteria	bacteria	2	3	1655.5	1302.0
bacteria__GCF_003640545.1_ASM364054v1	ga_corrected_negative	bacteria__GCF_000340905.1_ASM34090v1	0	bacteria	bacteria	bacteria	bacteria	2	1	1107.5	1393.0
bacteria__GCF_023585745.1_ASM2358574v1	ga_corrected_negative	bacteria__GCF_013008635.1_ASM1300863v1	0	bacteria	bacteria	bacteria	bacteria	2	1	1670.5	1996.0
bacteria__GCF_900660615.1_51670_F01-3	ga_corrected_negative	bacteria__GCF_000235405.2_ASM23540v3	0	bacteria	bacteria	bacteria	bacteria	4	4	851.0	1206.5
bacteria__GCF_900660745.1_57728_G01-3	ga_corrected_negative	bacteria__GCF_016592595.1_ASM1659259v1	0	bacteria	bacteria	bacteria	bacteria	6	6	1315.5	1219.0
plasmid__NZ_JAAEVM010000044.1	ga_corrected_negative	plasmid__NZ_CP013071.1	0	plasmid	plasmid	plasmid	plasmid	1	1	332.0	331.0
plasmid__NZ_JABXOW010000025.1	ga_corrected_negative	plasmid__NZ_MN657103.1	0	plasmid	plasmid	plasmid	plasmid	1	1	786.0	787.0
plasmid__NZ_JUFX02000007.1	ga_corrected_negative	plasmid__NZ_MK764029.1	0	plasmid	plasmid	plasmid	plasmid	1	1	1385.0	1382.0
plasmid__NZ_PGSB01000969.1	ga_corrected_negative	plasmid__NZ_CP010894.1	0	plasmid	plasmid	plasmid	plasmid	1	1	804.0	801.0
plasmid__NZ_PGSC01000737.1	ga_corrected_negative	plasmid__NZ_JADQDK010000002.1	0	plasmid	plasmid	plasmid	plasmid	1	1	1666.0	1668.0
plasmid__NZ_LXQU01000015.1	ga_corrected_negative	plasmid__NZ_CP061090.1	0	plasmid	plasmid	plasmid	plasmid	1	1	309.0	309.0
plasmid__NZ_AFOY02000032.1	ga_corrected_negative	plasmid__NZ_AP020327.1	0	plasmid	plasmid	plasmid	plasmid	2	2	644.5	632.5
plasmid__NZ_NOWC01000095.1	ga_corrected_negative	plasmid__NZ_CP101792.1	0	plasmid	plasmid	plasmid	plasmid	2	2	801.0	804.5
plasmid__NZ_PDDQ01000069.1	ga_corrected_negative	plasmid__NZ_CP081172.1	0	plasmid	plasmid	plasmid	plasmid	1	1	339.0	339.0
plasmid__NZ_LAUF01000005.1	ga_corrected_negative	plasmid__NZ_CP121491.1	0	plasmid	plasmid	plasmid	plasmid	1	1	349.0	352.0
plasmid__NZ_LLBE01000024.1	ga_corrected_negative	plasmid__NZ_LR135259.1	0	plasmid	plasmid	plasmid	plasmid	1	1	310.0	310.0
plasmid__NZ_QKRJ01000031.1	ga_corrected_negative	plasmid__NZ_CP075362.1	0	plasmid	plasmid	plasmid	plasmid	1	1	350.0	346.0
plasmid__NZ_PXZQ01000003.1	ga_corrected_negative	plasmid__NZ_CP061381.1	0	plasmid	plasmid	plasmid	plasmid	1	1	1226.0	1226.0
plasmid__NZ_SZVT01000099.1	ga_corrected_negative	plasmid__NZ_CP065636.1	0	plasmid	plasmid	plasmid	plasmid	1	1	372.0	370.0
plasmid__NZ_JACKZM010000383.1	ga_corrected_negative	plasmid__NZ_CP039104.1	0	plasmid	plasmid	plasmid	plasmid	1	1	1122.0	1122.0
plasmid__NZ_JACKZP010000271.1	ga_corrected_negative	plasmid__NZ_CP025493.2	0	plasmid	plasmid	plasmid	plasmid	1	1	361.0	359.0
plasmid__NZ_JABVAQ010000007.1	ga_corrected_negative	plasmid__NZ_CP060448.1	0	plasmid	plasmid	plasmid	plasmid	1	1	1280.0	1281.0
plasmid__NZ_JAFIQE010000007.1	ga_corrected_negative	plasmid__NZ_JAFIQE010000008.1	0	plasmid	plasmid	plasmid	plasmid	1	1	1050.0	1051.0
plasmid__NZ_JAFIQG010000003.1	ga_corrected_negative	plasmid__NZ_CP076002.1	0	plasmid	plasmid	plasmid	plasmid	1	1	426.0	427.0
plasmid__NZ_JARVWN010000004.1	ga_corrected_negative	plasmid__NZ_CP082306.1	0	plasmid	plasmid	plasmid	plasmid	1	1	1247.0	1247.0
plasmid__NZ_JAOAOE010000007.1	ga_corrected_negative	plasmid__NZ_CP110518.1	0	plasmid	plasmid	plasmid	plasmid	1	1	1565.0	1571.0
plasmid__NZ_RRNG01000139.1	ga_corrected_negative	plasmid__NZ_CP114722.1	0	plasmid	plasmid	plasmid	plasmid	1	1	368.0	368.0
plasmid__NZ_RRKO01000139.1	ga_corrected_negative	plasmid__NZ_CP064425.1	0	plasmid	plasmid	plasmid	plasmid	2	2	564.5	580.0
plasmid__NZ_JAUAMZ010000041.1	ga_corrected_negative	plasmid__NZ_CP110409.1	0	plasmid	plasmid	plasmid	plasmid	1	1	1713.0	1715.0
plasmid__NZ_JAFIQK010000005.1	ga_corrected_negative	plasmid__NZ_CP023479.1	0	plasmid	plasmid	plasmid	plasmid	1	1	1730.0	1723.0
plasmid__NZ_SMNK01000003.1	ga_corrected_negative	plasmid__NZ_CP086953.1	0	plasmid	plasmid	plasmid	plasmid	1	1	369.0	366.0
plasmid__NZ_WTXS01000006.1	ga_corrected_negative	plasmid__NZ_CP031072.1	0	plasmid	plasmid	plasmid	plasmid	1	1	804.0	799.0
plasmid__NZ_VKNF01000119.1	ga_corrected_negative	plasmid__NZ_KY000031.1	0	plasmid	plasmid	plasmid	plasmid	1	1	805.0	814.0
plasmid__NZ_JAJATX010000035.1	ga_corrected_negative	plasmid__NZ_CP024777.1	0	plasmid	plasmid	plasmid	plasmid	1	1	471.0	471.0
plasmid__NZ_LN906635.1	ga_corrected_negative	plasmid__NZ_CP067354.1	0	plasmid	plasmid	plasmid	plasmid	2	2	1096.0	1096.5
plasmid__NZ_AP018256.1	ga_corrected_negative	plasmid__NZ_CP071946.1	0	plasmid	plasmid	plasmid	plasmid	3	3	1530.0	1527.0
plasmid__NZ_JX406743.1	ga_corrected_negative	plasmid__NZ_CP080595.1	0	plasmid	plasmid	plasmid	plasmid	1	1	1367.0	1364.0
plasmid__NC_010850.1	ga_corrected_negative	plasmid__NZ_CP086914.1	0	plasmid	plasmid	plasmid	plasmid	2	2	1116.0	1117.0
plasmid__NC_018611.1	ga_corrected_negative	plasmid__NZ_CP033916.1	0	plasmid	plasmid	plasmid	plasmid	1	1	906.0	908.0
plasmid__NZ_MN909556.1	ga_corrected_negative	plasmid__NZ_CP024308.1	0	plasmid	plasmid	plasmid	plasmid	2	2	1040.5	1046.0
plasmid__NZ_CP103257.1	ga_corrected_negative	plasmid__NZ_CP025848.1	0	plasmid	plasmid	plasmid	plasmid	1	1	804.0	815.0
plasmid__NZ_CP059795.1	ga_corrected_negative	plasmid__NZ_CP033802.1	0	plasmid	plasmid	plasmid	plasmid	1	1	407.0	403.0
plasmid__NZ_CP081096.1	ga_corrected_negative	plasmid__NZ_CP015366.1	0	plasmid	plasmid	plasmid	plasmid	1	1	319.0	318.0
plasmid__NZ_OU538996.1	ga_corrected_negative	plasmid__NZ_AKVW01000004.1	0	plasmid	plasmid	plasmid	plasmid	1	1	1796.0	1797.0
plasmid__NZ_CP081856.1	ga_corrected_negative	plasmid__NZ_LC537594.1	0	plasmid	plasmid	plasmid	plasmid	1	1	1538.0	1539.0
plasmid__NZ_CP076131.1	ga_corrected_negative	plasmid__NZ_CP042975.1	0	plasmid	plasmid	plasmid	plasmid	1	1	1511.0	1511.0
plasmid__NZ_MN208062.1	ga_corrected_negative	plasmid__NZ_AP021954.1	0	plasmid	plasmid	plasmid	plasmid	1	1	874.0	878.0
plasmid__NZ_CP106827.1	ga_corrected_negative	plasmid__NZ_CP040338.1	0	plasmid	plasmid	plasmid	plasmid	1	1	472.0	478.0
plasmid__NZ_CP106864.1	ga_corrected_negative	plasmid__NZ_CP095844.1	0	plasmid	plasmid	plasmid	plasmid	1	1	383.0	386.0
plasmid__NZ_CP081786.1	ga_corrected_negative	plasmid__NZ_CP009446.1	0	plasmid	plasmid	plasmid	plasmid	1	1	862.0	864.0
plasmid__NZ_CP083363.1	ga_corrected_negative	plasmid__NZ_AP022592.1	0	plasmid	plasmid	plasmid	plasmid	2	2	691.0	688.0
plasmid__NZ_CP075983.1	ga_corrected_negative	plasmid__NZ_CP058267.1	0	plasmid	plasmid	plasmid	plasmid	2	2	863.0	864.5
plasmid__NZ_CP014093.1	ga_corrected_negative	plasmid__NC_012500.1	0	plasmid	plasmid	plasmid	plasmid	1	1	1102.0	1102.0
plasmid__NZ_CP062152.1	ga_corrected_negative	plasmid__NZ_CP007130.1	0	plasmid	plasmid	plasmid	plasmid	10	10	1091.5	1009.0
plasmid__NZ_CP110125.1	ga_corrected_negative	plasmid__NZ_ALIG01000010.1	0	plasmid	plasmid	plasmid	plasmid	1	1	916.0	917.0
plasmid__NZ_CP020068.1	ga_corrected_negative	plasmid__NC_017484.1	0	plasmid	plasmid	plasmid	plasmid	1	1	1532.0	1532.0
plasmid__NZ_CP035195.1	ga_corrected_negative	plasmid__NZ_CP083446.1	0	plasmid	plasmid	plasmid	plasmid	1	1	1402.0	1401.0
plasmid__NZ_AP026735.1	ga_corrected_negative	plasmid__NZ_LR890584.1	0	plasmid	plasmid	plasmid	plasmid	2	2	1417.5	1424.5
plasmid__NZ_CP065727.1	ga_corrected_negative	plasmid__NZ_JABXQG010000003.1	0	plasmid	plasmid	plasmid	plasmid	1	1	1208.0	1209.0
plasmid__NZ_CP025955.1	ga_corrected_negative	plasmid__NZ_CP100405.1	0	plasmid	plasmid	plasmid	plasmid	2	2	527.5	513.5
plasmid__NZ_AP026614.1	ga_corrected_negative	plasmid__NZ_CP045708.1	0	plasmid	plasmid	plasmid	plasmid	2	2	826.5	826.0
plasmid__NZ_AP026668.1	ga_corrected_negative	plasmid__NC_013518.1	0	plasmid	plasmid	plasmid	plasmid	1	1	1322.0	1322.0
plasmid__NZ_CP037855.1	ga_corrected_negative	plasmid__NZ_CP086943.1	0	plasmid	plasmid	plasmid	plasmid	1	1	821.0	820.0
plasmid__NZ_CP036138.1	ga_corrected_negative	plasmid__NZ_SIKE01000002.1	0	plasmid	plasmid	plasmid	plasmid	2	2	349.0	343.0
plasmid__NZ_CP104394.1	ga_corrected_negative	plasmid__NZ_CP029898.1	0	plasmid	plasmid	plasmid	plasmid	1	1	653.0	654.0
plasmid__NZ_AP024171.1	ga_corrected_negative	plasmid__NZ_CP010886.1	0	plasmid	plasmid	plasmid	plasmid	1	1	772.0	771.0
plasmid__NZ_CP085896.1	ga_corrected_negative	plasmid__NZ_CP011519.2	0	plasmid	plasmid	plasmid	plasmid	1	1	1157.0	1160.0
plasmid__NZ_CP096984.1	ga_corrected_negative	plasmid__NZ_CP072963.1	0	plasmid	plasmid	plasmid	plasmid	1	1	309.0	308.0
plasmid__NZ_CP084481.1	ga_corrected_negative	plasmid__NZ_CP085342.1	0	plasmid	plasmid	plasmid	plasmid	1	1	662.0	662.0
plasmid__NZ_CP107559.1	ga_corrected_negative	plasmid__NZ_CP091425.1	0	plasmid	plasmid	plasmid	plasmid	2	2	638.5	630.5
plasmid__NZ_CP034320.1	ga_corrected_negative	plasmid__NZ_CP041557.1	0	plasmid	plasmid	plasmid	plasmid	1	1	972.0	970.0
plasmid__NZ_CP061621.1	ga_corrected_negative	plasmid__NZ_OL763373.1	0	plasmid	plasmid	plasmid	plasmid	1	1	943.0	941.0
plasmid__NZ_CP059543.1	ga_corrected_negative	plasmid__NC_004073.2	0	plasmid	plasmid	plasmid	plasmid	1	1	515.0	512.0
plasmid__NZ_CP113023.1	ga_corrected_negative	plasmid__NZ_CP047430.1	0	plasmid	plasmid	plasmid	plasmid	1	1	832.0	832.0
plasmid__NC_010852.1	ga_corrected_negative	plasmid__NZ_CP056969.1	0	plasmid	plasmid	plasmid	plasmid	1	1	767.0	769.0
plasmid__NZ_CP059605.1	ga_corrected_negative	plasmid__NZ_CP022914.1	0	plasmid	plasmid	plasmid	plasmid	1	1	337.0	341.0
plasmid__NZ_CP072179.1	ga_corrected_negative	plasmid__NZ_CP098717.1	0	plasmid	plasmid	plasmid	plasmid	1	1	1911.0	1912.0
plasmid__NZ_CP113255.1	ga_corrected_negative	plasmid__NZ_AP023248.1	0	plasmid	plasmid	plasmid	plasmid	1	1	963.0	963.0
plasmid__NZ_CP058736.1	ga_corrected_negative	plasmid__NZ_CP103372.1	0	plasmid	plasmid	plasmid	plasmid	3	3	479.0	461.0
plasmid__NZ_CP068137.1	ga_corrected_negative	plasmid__NZ_CP100447.1	0	plasmid	plasmid	plasmid	plasmid	1	1	1142.0	1140.0
plasmid__NZ_CP092154.1	ga_corrected_negative	plasmid__NZ_CP102988.1	0	plasmid	plasmid	plasmid	plasmid	1	1	582.0	584.0
plasmid__NZ_AP019812.1	ga_corrected_negative	plasmid__NZ_CP013613.1	0	plasmid	plasmid	plasmid	plasmid	1	1	1532.0	1531.0
plasmid__NZ_CP018765.1	ga_corrected_negative	plasmid__NZ_CP017256.2	0	plasmid	plasmid	plasmid	plasmid	2	2	1084.5	1079.0
plasmid__NZ_CP018468.1	ga_corrected_negative	plasmid__NZ_CP121116.1	0	plasmid	plasmid	plasmid	plasmid	2	2	794.0	791.5
plasmid__NC_015180.1	ga_corrected_negative	plasmid__NZ_CP132331.1	0	plasmid	plasmid	plasmid	plasmid	1	1	1193.0	1193.0
plasmid__NZ_CP015735.1	ga_corrected_negative	plasmid__NZ_CP021881.1	0	plasmid	plasmid	plasmid	plasmid	1	1	1056.0	1056.0
plasmid__NZ_AP017660.1	ga_corrected_negative	plasmid__NC_019013.1	0	plasmid	plasmid	plasmid	plasmid	1	1	1365.0	1362.0
plasmid__NZ_AP018539.1	ga_corrected_negative	plasmid__NZ_CP015073.1	0	plasmid	plasmid	plasmid	plasmid	1	1	738.0	738.0
plasmid__NC_008764.1	ga_corrected_negative	plasmid__NZ_CP018448.1	0	plasmid	plasmid	plasmid	plasmid	1	1	461.0	461.0
plasmid__NZ_CP018030.1	ga_corrected_negative	plasmid__NZ_CP065898.1	0	plasmid	plasmid	plasmid	plasmid	2	2	1636.5	1634.5
plasmid__NZ_CP022484.1	ga_corrected_negative	plasmid__NZ_LR890737.1	0	plasmid	plasmid	plasmid	plasmid	1	1	871.0	869.0
plasmid__NZ_CP096043.1	ga_corrected_negative	plasmid__NZ_CP015156.1	0	plasmid	plasmid	plasmid	plasmid	1	1	383.0	387.0
plasmid__NZ_CP115993.1	ga_corrected_negative	plasmid__NZ_CP064947.1	0	plasmid	plasmid	plasmid	plasmid	2	2	422.0	415.0
plasmid__NZ_CP116530.1	ga_corrected_negative	plasmid__NZ_CP010698.1	0	plasmid	plasmid	plasmid	plasmid	1	1	568.0	567.0
plasmid__NZ_CP102914.1	ga_corrected_negative	plasmid__NZ_SIJS01000004.1	0	plasmid	plasmid	plasmid	plasmid	2	2	586.0	592.0
plasmid__NZ_CP009650.1	ga_corrected_negative	plasmid__NZ_CP088250.1	0	plasmid	plasmid	plasmid	plasmid	1	1	1980.0	1981.0
plasmid__NZ_CP013945.1	ga_corrected_negative	plasmid__NZ_CP037470.1	0	plasmid	plasmid	plasmid	plasmid	2	2	1019.5	1016.5
plasmid__NZ_CP014628.1	ga_corrected_negative	plasmid__NZ_LVYK01000036.1	0	plasmid	plasmid	plasmid	plasmid	1	1	728.0	727.0
plasmid__NZ_CP015601.1	ga_corrected_negative	plasmid__NZ_CP089546.1	0	plasmid	plasmid	plasmid	plasmid	1	1	1116.0	1113.0
plasmid__NZ_CP015585.1	ga_corrected_negative	plasmid__NZ_CP060527.1	0	plasmid	plasmid	plasmid	plasmid	1	1	1588.0	1587.0
plasmid__NZ_CP016898.1	ga_corrected_negative	plasmid__NZ_LN868945.1	0	plasmid	plasmid	plasmid	plasmid	3	3	1398.0	1400.0
plasmid__NZ_CP017410.1	ga_corrected_negative	plasmid__NZ_CP051532.1	0	plasmid	plasmid	plasmid	plasmid	1	1	1047.0	1049.0
plasmid__NZ_CP017467.1	ga_corrected_negative	plasmid__NZ_CBTJ020000114.1	0	plasmid	plasmid	plasmid	plasmid	2	2	669.5	666.0
plasmid__NZ_KT351737.1	ga_corrected_negative	plasmid__NZ_CP050127.1	0	plasmid	plasmid	plasmid	plasmid	1	1	673.0	672.0
plasmid__NZ_KX832926.1	ga_corrected_negative	plasmid__NZ_CP047716.1	0	plasmid	plasmid	plasmid	plasmid	1	1	307.0	303.0
plasmid__NZ_MG587003.1	ga_corrected_negative	plasmid__NZ_CP012456.1	0	plasmid	plasmid	plasmid	plasmid	1	1	312.0	312.0
plasmid__NZ_MT732187.1	ga_corrected_negative	plasmid__NZ_JAAEVH010000042.1	0	plasmid	plasmid	plasmid	plasmid	1	1	539.0	544.0
plasmid__NZ_MT039155.1	ga_corrected_negative	plasmid__NZ_CP060853.1	0	plasmid	plasmid	plasmid	plasmid	1	1	512.0	512.0
plasmid__NZ_AP025197.1	ga_corrected_negative	plasmid__NZ_CP046634.1	0	plasmid	plasmid	plasmid	plasmid	1	1	343.0	342.0
plasmid__NZ_CP030046.1	ga_corrected_negative	plasmid__NZ_CP130079.1	0	plasmid	plasmid	plasmid	plasmid	1	1	787.0	784.0
plasmid__NZ_CP070958.1	ga_corrected_negative	plasmid__NZ_CP021276.1	0	plasmid	plasmid	plasmid	plasmid	1	1	614.0	615.0
plasmid__NZ_CP084551.1	ga_corrected_negative	plasmid__NZ_CP119807.1	0	plasmid	plasmid	plasmid	plasmid	1	1	421.0	423.0
plasmid__NZ_CP029953.1	ga_corrected_negative	plasmid__NZ_CP077616.1	0	plasmid	plasmid	plasmid	plasmid	1	1	1627.0	1626.0
plasmid__NC_002097.1	ga_corrected_negative	plasmid__NZ_CP116963.1	0	plasmid	plasmid	plasmid	plasmid	1	1	819.0	824.0
plasmid__NZ_CP117228.1	ga_corrected_negative	plasmid__NZ_MT039142.1	0	plasmid	plasmid	plasmid	plasmid	1	1	803.0	781.0
plasmid__NZ_OP378644.1	ga_corrected_negative	plasmid__NZ_CP129610.1	0	plasmid	plasmid	plasmid	plasmid	1	1	428.0	423.0
plasmid__NZ_CP043790.1	ga_corrected_negative	plasmid__NZ_CP013265.1	0	plasmid	plasmid	plasmid	plasmid	1	1	1211.0	1211.0
plasmid__NZ_CP101720.1	ga_corrected_negative	plasmid__NZ_CP061864.1	0	plasmid	plasmid	plasmid	plasmid	1	1	1739.0	1739.0
plasmid__NZ_CP117153.1	ga_corrected_negative	plasmid__NZ_AP014939.1	0	plasmid	plasmid	plasmid	plasmid	1	1	443.0	445.0
plasmid__NZ_CP118756.1	ga_corrected_negative	plasmid__NZ_CP117009.1	0	plasmid	plasmid	plasmid	plasmid	1	1	1621.0	1625.0
plasmid__NZ_CP039730.1	ga_corrected_negative	plasmid__NZ_CP039036.1	0	plasmid	plasmid	plasmid	plasmid	1	1	657.0	660.0
plasmid__NZ_CP058855.1	ga_corrected_negative	plasmid__NZ_CP109825.1	0	plasmid	plasmid	plasmid	plasmid	1	1	1762.0	1761.0
plasmid__NZ_CP054974.1	ga_corrected_negative	plasmid__NZ_CP083270.1	0	plasmid	plasmid	plasmid	plasmid	1	1	736.0	735.0
plasmid__NZ_LR990743.1	ga_corrected_negative	plasmid__NZ_CP104960.1	0	plasmid	plasmid	plasmid	plasmid	1	1	1335.0	1336.0
plasmid__NZ_CP007648.1	ga_corrected_negative	plasmid__NZ_NOVT01000033.1	0	plasmid	plasmid	plasmid	plasmid	4	4	698.5	679.0
plasmid__NZ_CM003328.1	ga_corrected_negative	plasmid__NZ_CM009923.1	0	plasmid	plasmid	plasmid	plasmid	1	1	1490.0	1494.0
plasmid__NZ_CP016746.1	ga_corrected_negative	plasmid__NZ_CP081065.1	0	plasmid	plasmid	plasmid	plasmid	1	1	571.0	572.0
plasmid__NZ_CP028868.1	ga_corrected_negative	plasmid__NZ_CP052937.1	0	plasmid	plasmid	plasmid	plasmid	1	1	301.0	302.0
plasmid__NZ_CP023556.1	ga_corrected_negative	plasmid__NZ_CP099536.1	0	plasmid	plasmid	plasmid	plasmid	1	1	1984.0	1974.0
plasmid__NZ_CP092680.1	ga_corrected_negative	plasmid__NZ_JAAEVJ010000006.1	0	plasmid	plasmid	plasmid	plasmid	1	1	522.0	521.0
plasmid__NZ_CP092685.1	ga_corrected_negative	plasmid__NZ_CP089056.1	0	plasmid	plasmid	plasmid	plasmid	1	1	836.0	838.0
plasmid__NZ_CP055369.1	ga_corrected_negative	plasmid__NC_017104.1	0	plasmid	plasmid	plasmid	plasmid	1	1	1711.0	1711.0
plasmid__NZ_CP055328.1	ga_corrected_negative	plasmid__NZ_CP090566.1	0	plasmid	plasmid	plasmid	plasmid	1	1	1732.0	1740.0
plasmid__NZ_CP064426.1	ga_corrected_negative	plasmid__NZ_CM003640.1	0	plasmid	plasmid	plasmid	plasmid	2	2	828.0	824.5
plasmid__NZ_CP064435.1	ga_corrected_negative	plasmid__NZ_CP070849.1	0	plasmid	plasmid	plasmid	plasmid	1	1	534.0	534.0
plasmid__NZ_CP087769.1	ga_corrected_negative	plasmid__NZ_LR217721.1	0	plasmid	plasmid	plasmid	plasmid	1	1	592.0	591.0
plasmid__NZ_CP032158.1	ga_corrected_negative	plasmid__NZ_CP048885.1	0	plasmid	plasmid	plasmid	plasmid	2	2	1378.0	1382.5
plasmid__NZ_CP032309.1	ga_corrected_negative	plasmid__NZ_CP120344.1	0	plasmid	plasmid	plasmid	plasmid	1	1	352.0	346.0
plasmid__NZ_CP039454.1	ga_corrected_negative	plasmid__NC_015170.1	0	plasmid	plasmid	plasmid	plasmid	1	1	1399.0	1399.0
plasmid__NZ_CP047737.1	ga_corrected_negative	plasmid__NZ_WTXS01000144.1	0	plasmid	plasmid	plasmid	plasmid	1	1	327.0	329.0
plasmid__NZ_CP088227.1	ga_corrected_negative	plasmid__NC_009661.1	0	plasmid	plasmid	plasmid	plasmid	1	1	1689.0	1689.0
plasmid__NC_014031.1	ga_corrected_negative	plasmid__NZ_CP050185.1	0	plasmid	plasmid	plasmid	plasmid	2	2	735.5	731.0
plasmid__NZ_CP043384.1	ga_corrected_negative	plasmid__NZ_LR536451.1	0	plasmid	plasmid	plasmid	plasmid	2	2	1582.0	1582.5
plasmid__NZ_CP075998.1	ga_corrected_negative	plasmid__NZ_CP025411.1	0	plasmid	plasmid	plasmid	plasmid	1	1	1751.0	1749.0
plasmid__NZ_CP084646.1	ga_corrected_negative	plasmid__NZ_CP010302.1	0	plasmid	plasmid	plasmid	plasmid	1	1	1117.0	1120.0
plasmid__NZ_CP114724.1	ga_corrected_negative	plasmid__NC_006390.1	0	plasmid	plasmid	plasmid	plasmid	1	1	1081.0	1083.0
plasmid__NZ_CP090188.1	ga_corrected_negative	plasmid__NZ_CP029547.1	0	plasmid	plasmid	plasmid	plasmid	2	2	981.5	980.0
plasmid__NZ_CP093257.1	ga_corrected_negative	plasmid__NZ_CP017367.1	0	plasmid	plasmid	plasmid	plasmid	2	2	1162.0	1163.0
plasmid__NZ_GG692896.1	ga_corrected_negative	plasmid__NZ_CP063488.1	0	plasmid	plasmid	plasmid	plasmid	1	1	1614.0	1614.0
plasmid__NZ_HG813245.1	ga_corrected_negative	plasmid__NZ_CP047842.1	0	plasmid	plasmid	plasmid	plasmid	1	1	330.0	318.0
plasmid__NZ_CP083090.1	ga_corrected_negative	plasmid__NZ_CP037750.1	0	plasmid	plasmid	plasmid	plasmid	1	1	1277.0	1277.0
plasmid__NZ_CP093934.1	ga_corrected_negative	plasmid__NZ_CZCZ02000002.1	0	plasmid	plasmid	plasmid	plasmid	1	1	578.0	578.0
plasmid__NZ_CP049777.1	ga_corrected_negative	plasmid__NZ_MN336501.1	0	plasmid	plasmid	plasmid	plasmid	1	1	1427.0	1428.0
plasmid__NZ_CP016330.1	ga_corrected_negative	plasmid__NZ_ABCW02000010.1	0	plasmid	plasmid	plasmid	plasmid	1	1	716.0	716.0
plasmid__NZ_CP065680.1	ga_corrected_negative	plasmid__NC_019746.1	0	plasmid	plasmid	plasmid	plasmid	1	1	1867.0	1866.0
plasmid__NZ_CP121792.1	ga_corrected_negative	plasmid__NZ_CP133182.1	0	plasmid	plasmid	plasmid	plasmid	2	2	770.5	772.0
plasmid__NZ_CP094662.1	ga_corrected_negative	plasmid__NZ_AP019805.1	0	plasmid	plasmid	plasmid	plasmid	1	1	1758.0	1758.0
plasmid__NZ_CP031273.1	ga_corrected_negative	plasmid__NZ_CP089048.1	0	plasmid	plasmid	plasmid	plasmid	1	1	1206.0	1207.0
plasmid__NZ_CP123512.1	ga_corrected_negative	plasmid__NZ_CP051470.1	0	plasmid	plasmid	plasmid	plasmid	1	1	1139.0	1138.0
plasmid__NZ_CP123515.1	ga_corrected_negative	plasmid__NZ_CP041652.2	0	plasmid	plasmid	plasmid	plasmid	2	2	844.0	850.5
plasmid__NZ_CP085749.1	ga_corrected_negative	plasmid__NC_020296.1	0	plasmid	plasmid	plasmid	plasmid	1	1	643.0	642.0
plasmid__NZ_MK275619.1	ga_corrected_negative	plasmid__NZ_CP039111.1	0	plasmid	plasmid	plasmid	plasmid	1	1	473.0	466.0
plasmid__NZ_KX118105.1	ga_corrected_negative	plasmid__NZ_CP047362.1	0	plasmid	plasmid	plasmid	plasmid	1	1	596.0	605.0
plasmid__NC_015162.1	ga_corrected_negative	plasmid__NZ_CP123754.1	0	plasmid	plasmid	plasmid	plasmid	1	1	449.0	450.0
plasmid__NC_023313.1	ga_corrected_negative	plasmid__NZ_AESC02000110.1	0	plasmid	plasmid	plasmid	plasmid	1	1	1151.0	1149.0
plasmid__NZ_CP032625.1	ga_corrected_negative	plasmid__NZ_LJGA01000018.1	0	plasmid	plasmid	plasmid	plasmid	2	2	1143.5	1143.0
plasmid__NZ_CP068715.1	ga_corrected_negative	plasmid__NZ_OU659132.1	0	plasmid	plasmid	plasmid	plasmid	2	2	996.0	996.0
plasmid__NZ_CP073196.1	ga_corrected_negative	plasmid__NZ_CP083543.1	0	plasmid	plasmid	plasmid	plasmid	1	1	302.0	302.0
plasmid__NZ_CP073185.1	ga_corrected_negative	plasmid__NZ_CP076705.1	0	plasmid	plasmid	plasmid	plasmid	2	2	1451.0	1443.5
plasmid__NZ_CP115638.1	ga_corrected_negative	plasmid__NZ_CP132714.1	0	plasmid	plasmid	plasmid	plasmid	1	1	769.0	765.0
plasmid__NZ_AP022947.1	ga_corrected_negative	plasmid__NZ_CP036119.1	0	plasmid	plasmid	plasmid	plasmid	1	1	756.0	756.0
plasmid__NZ_CP072776.1	ga_corrected_negative	plasmid__NZ_CP054047.1	0	plasmid	plasmid	plasmid	plasmid	1	1	642.0	641.0
plasmid__NZ_CP038941.1	ga_corrected_negative	plasmid__NC_020394.1	0	plasmid	plasmid	plasmid	plasmid	1	1	1785.0	1783.0
plasmid__NZ_CP095768.1	ga_corrected_negative	plasmid__NZ_CP031116.1	0	plasmid	plasmid	plasmid	plasmid	2	2	1393.0	1392.5
plasmid__NZ_CP038965.1	ga_corrected_negative	plasmid__NZ_CP092279.1	0	plasmid	plasmid	plasmid	plasmid	1	1	486.0	484.0
plasmid__NZ_CP041543.1	ga_corrected_negative	plasmid__NZ_CP021746.1	0	plasmid	plasmid	plasmid	plasmid	1	1	1145.0	1145.0
plasmid__NZ_CP039034.1	ga_corrected_negative	plasmid__NC_017130.1	0	plasmid	plasmid	plasmid	plasmid	1	1	675.0	680.0
plasmid__NZ_CP116431.1	ga_corrected_negative	plasmid__NZ_CP039989.1	0	plasmid	plasmid	plasmid	plasmid	2	2	1613.5	1606.0
plasmid__NZ_CP034556.1	ga_corrected_negative	plasmid__NZ_CP078112.1	0	plasmid	plasmid	plasmid	plasmid	1	1	449.0	447.0
plasmid__NZ_CP063809.1	ga_corrected_negative	plasmid__NZ_CP081509.1	0	plasmid	plasmid	plasmid	plasmid	1	1	1796.0	1794.0
plasmid__NZ_CP085920.1	ga_corrected_negative	plasmid__NZ_CP017067.1	0	plasmid	plasmid	plasmid	plasmid	1	1	440.0	441.0
plasmid__NZ_CP088201.1	ga_corrected_negative	plasmid__NZ_RRMP01000126.1	0	plasmid	plasmid	plasmid	plasmid	1	1	1244.0	1244.0
plasmid__NZ_CP093488.1	ga_corrected_negative	plasmid__NZ_CP077731.1	0	plasmid	plasmid	plasmid	plasmid	1	1	416.0	417.0
plasmid__NZ_CP096952.1	ga_corrected_negative	plasmid__NZ_CP119811.1	0	plasmid	plasmid	plasmid	plasmid	1	1	1101.0	1102.0
plasmid__NZ_LT985269.1	ga_corrected_negative	plasmid__NZ_AFEJ02000014.1	0	plasmid	plasmid	plasmid	plasmid	1	1	651.0	648.0
plasmid__NZ_CP031108.1	ga_corrected_negative	plasmid__NC_011893.1	0	plasmid	plasmid	plasmid	plasmid	1	1	431.0	437.0
plasmid__NZ_CP033097.1	ga_corrected_negative	plasmid__NC_018992.1	0	plasmid	plasmid	plasmid	plasmid	1	1	1776.0	1776.0
plasmid__NZ_CP097672.1	ga_corrected_negative	plasmid__NZ_MF344562.1	0	plasmid	plasmid	plasmid	plasmid	1	1	559.0	560.0
plasmid__NZ_CP126484.1	ga_corrected_negative	plasmid__NZ_AP018576.1	0	plasmid	plasmid	plasmid	plasmid	1	1	371.0	376.0
plasmid__NZ_CP117815.1	ga_corrected_negative	plasmid__NZ_CP123537.1	0	plasmid	plasmid	plasmid	plasmid	1	1	1565.0	1559.0
plasmid__NZ_CP041439.1	ga_corrected_negative	plasmid__NZ_CP086384.1	0	plasmid	plasmid	plasmid	plasmid	1	1	1935.0	1936.0
plasmid__NZ_MT219824.1	ga_corrected_negative	plasmid__NZ_CP048667.1	0	plasmid	plasmid	plasmid	plasmid	1	1	350.0	359.0
plasmid__NZ_CP061753.1	ga_corrected_negative	plasmid__NZ_CP029334.1	0	plasmid	plasmid	plasmid	plasmid	1	1	1264.0	1258.0
plasmid__NZ_CP070076.1	ga_corrected_negative	plasmid__NZ_JAKRKC020000007.1	0	plasmid	plasmid	plasmid	plasmid	1	1	710.0	706.0
plasmid__NZ_CP076479.1	ga_corrected_negative	plasmid__NZ_CP021287.1	0	plasmid	plasmid	plasmid	plasmid	1	1	784.0	776.0
plasmid__NZ_CP076485.1	ga_corrected_negative	plasmid__NZ_CP063789.1	0	plasmid	plasmid	plasmid	plasmid	2	2	1206.5	1207.5
plasmid__NZ_CP098792.1	ga_corrected_negative	plasmid__NZ_AP023050.1	0	plasmid	plasmid	plasmid	plasmid	1	1	1636.0	1636.0
plasmid__NZ_CP066363.1	ga_corrected_negative	plasmid__NZ_CP010015.1	0	plasmid	plasmid	plasmid	plasmid	1	1	432.0	445.0
plasmid__NZ_CP092363.2	ga_corrected_negative	plasmid__NZ_CP087062.1	0	plasmid	plasmid	plasmid	plasmid	2	2	1002.0	1000.0
plasmid__NZ_OX638611.1	ga_corrected_negative	plasmid__NZ_CP073907.1	0	plasmid	plasmid	plasmid	plasmid	1	1	349.0	365.0
plasmid__NZ_CP085516.1	ga_corrected_negative	plasmid__NZ_JABXPX010000002.1	0	plasmid	plasmid	plasmid	plasmid	1	1	503.0	503.0
plasmid__NZ_CP085430.1	ga_corrected_negative	plasmid__NZ_CP047341.1	0	plasmid	plasmid	plasmid	plasmid	1	1	968.0	969.0
plasmid__NZ_OQ067800.1	ga_corrected_negative	plasmid__NZ_CP073773.1	0	plasmid	plasmid	plasmid	plasmid	1	1	1864.0	1862.0
plasmid__NZ_CP038446.1	ga_corrected_negative	plasmid__NZ_CP091972.1	0	plasmid	plasmid	plasmid	plasmid	2	2	565.0	546.5
plasmid__NZ_CP124112.1	ga_corrected_negative	plasmid__NZ_LR135271.1	0	plasmid	plasmid	plasmid	plasmid	1	1	606.0	605.0
plasmid__NZ_CP129540.1	ga_corrected_negative	plasmid__NZ_CP018178.1	0	plasmid	plasmid	plasmid	plasmid	1	1	1734.0	1741.0
plasmid__NZ_KM583821.1	ga_corrected_negative	plasmid__NZ_CP006684.1	0	plasmid	plasmid	plasmid	plasmid	1	1	459.0	462.0
plasmid__NZ_MF996510.1	ga_corrected_negative	plasmid__NZ_NOWT01000032.1	0	plasmid	plasmid	plasmid	plasmid	1	1	1561.0	1572.0
plasmid__NZ_MH785239.1	ga_corrected_negative	plasmid__NZ_LR697099.1	0	plasmid	plasmid	plasmid	plasmid	1	1	347.0	377.0
plasmid__NZ_CP082049.1	ga_corrected_negative	plasmid__NZ_CP022659.1	0	plasmid	plasmid	plasmid	plasmid	2	2	1652.5	1648.5
plasmid__NZ_CP130337.1	ga_corrected_negative	plasmid__NZ_AEYE02000033.1	0	plasmid	plasmid	plasmid	plasmid	1	1	1676.0	1674.0
plasmid__NZ_MH067974.1	ga_corrected_negative	plasmid__NZ_CP025806.1	0	plasmid	plasmid	plasmid	plasmid	1	1	1537.0	1540.0
plasmid__NZ_CP072880.1	ga_corrected_negative	plasmid__NZ_CP037889.1	0	plasmid	plasmid	plasmid	plasmid	1	1	1015.0	1021.0
plasmid__NZ_CP027195.1	ga_corrected_negative	plasmid__NZ_CP007257.1	0	plasmid	plasmid	plasmid	plasmid	3	3	1166.0	1149.0
plasmid__NC_004633.1	ga_corrected_negative	plasmid__NZ_CP074103.1	0	plasmid	plasmid	plasmid	plasmid	1	1	382.0	379.0
plasmid__NZ_LR131949.1	ga_corrected_negative	plasmid__NZ_JAOZJM010000003.1	0	plasmid	plasmid	plasmid	plasmid	1	1	403.0	413.0
plasmid__NC_022599.1	ga_corrected_negative	plasmid__NZ_CP027375.1	0	plasmid	plasmid	plasmid	plasmid	1	1	327.0	313.0
plasmid__NZ_CP131946.1	ga_corrected_negative	plasmid__NZ_CP009721.1	0	plasmid	plasmid	plasmid	plasmid	1	1	914.0	918.0
plasmid__NZ_CP040274.1	ga_corrected_negative	plasmid__NC_014911.1	0	plasmid	plasmid	plasmid	plasmid	1	1	819.0	826.0
plasmid__NZ_MW364930.1	ga_corrected_negative	plasmid__NZ_CP101171.1	0	plasmid	plasmid	plasmid	plasmid	1	1	584.0	585.0
plasmid__NZ_CP120418.1	ga_corrected_negative	plasmid__NZ_CP086406.1	0	plasmid	plasmid	plasmid	plasmid	1	1	641.0	638.0
plasmid__NZ_CP102779.1	ga_corrected_negative	plasmid__NZ_JAADCD010000003.1	0	plasmid	plasmid	plasmid	plasmid	1	1	337.0	303.0
plasmid__NZ_CP114189.1	ga_corrected_negative	plasmid__NZ_CP097290.1	0	plasmid	plasmid	plasmid	plasmid	1	1	357.0	393.0
protozoa__NC_031328.1	ga_corrected_negative	protozoa__NW_013545104.1	0	protozoa	protozoa	protozoa	protozoa	1	1	1137.0	1140.0
protozoa__NW_011645944.1	ga_corrected_negative	protozoa__NW_001915589.1	0	protozoa	protozoa	protozoa	protozoa	1	1	1429.0	1429.0
protozoa__NW_020312083.1	ga_corrected_negative	protozoa__NW_001915174.1	0	protozoa	protozoa	protozoa	protozoa	1	1	312.0	312.0
protozoa__NW_021705146.1	ga_corrected_negative	protozoa__NW_005803638.1	0	protozoa	protozoa	protozoa	protozoa	1	1	471.0	471.0
protozoa__NW_021706818.1	ga_corrected_negative	protozoa__NW_014038745.1	0	protozoa	protozoa	protozoa	protozoa	1	1	421.0	424.0
protozoa__NW_014031795.1	ga_corrected_negative	protozoa__NW_013572037.1	0	protozoa	protozoa	protozoa	protozoa	1	1	469.0	469.0
protozoa__NC_028331.1	ga_corrected_negative	protozoa__NC_027736.1	0	protozoa	protozoa	protozoa	protozoa	1	1	1003.0	1004.0
protozoa__NW_014569538.1	ga_corrected_negative	protozoa__NW_003200708.1	0	protozoa	protozoa	protozoa	protozoa	1	1	318.0	318.0
protozoa__NW_013564856.1	ga_corrected_negative	protozoa__NW_008579002.1	0	protozoa	protozoa	protozoa	protozoa	1	1	312.0	312.0
protozoa__NC_035258.1	ga_corrected_negative	protozoa__NW_005434627.1	0	protozoa	protozoa	protozoa	protozoa	2	2	387.0	460.0
protozoa__NW_005198701.1	ga_corrected_negative	protozoa__NW_021705820.1	0	protozoa	protozoa	protozoa	protozoa	1	1	308.0	308.0
protozoa__NW_005196210.1	ga_corrected_negative	protozoa__NW_021705759.1	0	protozoa	protozoa	protozoa	protozoa	1	1	391.0	391.0
protozoa__NW_008705647.1	ga_corrected_negative	protozoa__NW_003519775.1	0	protozoa	protozoa	protozoa	protozoa	1	1	865.0	867.0
protozoa__NW_005197504.1	ga_corrected_negative	protozoa__NW_013545668.1	0	protozoa	protozoa	protozoa	protozoa	1	1	525.0	525.0
protozoa__NW_014040050.1	ga_corrected_negative	protozoa__NW_014040387.1	0	protozoa	protozoa	protozoa	protozoa	1	1	408.0	410.0
protozoa__NW_024015715.1	ga_corrected_negative	protozoa__NW_013652004.1	0	protozoa	protozoa	protozoa	protozoa	1	1	1530.0	1530.0
protozoa__NW_014039783.1	ga_corrected_negative	protozoa__NW_013655353.1	0	protozoa	protozoa	protozoa	protozoa	1	1	615.0	618.0
protozoa__NW_014038399.1	ga_corrected_negative	protozoa__NW_013654366.1	0	protozoa	protozoa	protozoa	protozoa	1	1	440.0	441.0
protozoa__NW_012156827.1	ga_corrected_negative	protozoa__NW_005197990.1	0	protozoa	protozoa	protozoa	protozoa	1	1	375.0	374.0
protozoa__NC_038007.1	ga_corrected_negative	protozoa__NW_004457267.1	0	protozoa	protozoa	protozoa	protozoa	1	1	1982.0	1984.0
protozoa__NC_070143.1	ga_corrected_negative	protozoa__NW_001849531.1	0	protozoa	protozoa	protozoa	protozoa	1	1	1530.0	1531.0
protozoa__NW_014039651.1	ga_corrected_negative	protozoa__NC_027413.1	0	protozoa	protozoa	protozoa	protozoa	1	1	951.0	952.0
protozoa__NW_003201902.1	ga_corrected_negative	protozoa__NW_005434543.1	0	protozoa	protozoa	protozoa	protozoa	1	1	376.0	379.0
protozoa__NW_014039495.1	ga_corrected_negative	protozoa__NW_666316.1	0	protozoa	protozoa	protozoa	protozoa	1	1	402.0	403.0
protozoa__NW_003519885.1	ga_corrected_negative	protozoa__NW_002476004.1	0	protozoa	protozoa	protozoa	protozoa	1	1	700.0	699.0
protozoa__NW_003519712.1	ga_corrected_negative	protozoa__NW_008246182.1	0	protozoa	protozoa	protozoa	protozoa	1	1	571.0	571.0
protozoa__NW_014037344.1	ga_corrected_negative	protozoa__NW_021704281.1	0	protozoa	protozoa	protozoa	protozoa	1	1	457.0	455.0
protozoa__NW_001849454.1	ga_corrected_negative	protozoa__NW_003211431.1	0	protozoa	protozoa	protozoa	protozoa	1	1	322.0	322.0
protozoa__NW_003519663.1	ga_corrected_negative	protozoa__NW_001799201.1	0	protozoa	protozoa	protozoa	protozoa	1	1	344.0	344.0
protozoa__NW_004193819.1	ga_corrected_negative	protozoa__NW_003214279.1	0	protozoa	protozoa	protozoa	protozoa	1	1	313.0	313.0
protozoa__NW_666658.1	ga_corrected_negative	protozoa__NW_001914885.1	0	protozoa	protozoa	protozoa	protozoa	1	1	1405.0	1405.0
protozoa__NW_020189224.1	ga_corrected_negative	protozoa__NW_003304529.1	0	protozoa	protozoa	protozoa	protozoa	1	1	303.0	303.0
protozoa__NW_667186.1	ga_corrected_negative	protozoa__NW_013567394.1	0	protozoa	protozoa	protozoa	protozoa	1	1	461.0	461.0
protozoa__NW_001855764.1	ga_corrected_negative	protozoa__NW_908847.1	0	protozoa	protozoa	protozoa	protozoa	1	1	576.0	577.0
protozoa__NC_035260.1	ga_corrected_negative	protozoa__NW_003303457.1	0	protozoa	protozoa	protozoa	protozoa	1	1	1122.0	1121.0
protozoa__NW_021639896.1	ga_corrected_negative	protozoa__NW_003163242.1	0	protozoa	protozoa	protozoa	protozoa	2	2	1245.0	1250.0
protozoa__NW_014035894.1	ga_corrected_negative	protozoa__NW_002476552.1	0	protozoa	protozoa	protozoa	protozoa	1	1	591.0	592.0
protozoa__NW_005178561.1	ga_corrected_negative	protozoa__NW_004087825.1	0	protozoa	protozoa	protozoa	protozoa	1	1	630.0	629.0
protozoa__NW_008576575.1	ga_corrected_negative	protozoa__NW_024011745.1	0	protozoa	protozoa	protozoa	protozoa	1	1	418.0	418.0
protozoa__NW_014569053.1	ga_corrected_negative	protozoa__NW_001853120.1	0	protozoa	protozoa	protozoa	protozoa	1	1	391.0	389.0
protozoa__NW_001915243.1	ga_corrected_negative	protozoa__NW_012157384.1	0	protozoa	protozoa	protozoa	protozoa	1	1	432.0	434.0
protozoa__NC_066462.1	ga_corrected_negative	protozoa__NW_013572008.1	0	protozoa	protozoa	protozoa	protozoa	1	1	1756.0	1756.0
protozoa__NW_021628872.1	ga_corrected_negative	protozoa__NW_002476056.1	0	protozoa	protozoa	protozoa	protozoa	1	1	950.0	947.0
protozoa__NC_013781.1	ga_corrected_negative	protozoa__NW_008579213.1	0	protozoa	protozoa	protozoa	protozoa	1	1	493.0	493.0
protozoa__NW_013549858.1	ga_corrected_negative	protozoa__NW_003200361.1	0	protozoa	protozoa	protozoa	protozoa	1	1	531.0	530.0
protozoa__NW_014040455.1	ga_corrected_negative	protozoa__NW_001915009.1	0	protozoa	protozoa	protozoa	protozoa	1	1	436.0	437.0
protozoa__NW_002243505.1	ga_corrected_negative	protozoa__NW_011645955.1	0	protozoa	protozoa	protozoa	protozoa	1	1	541.0	540.0
protozoa__NC_025310.1	ga_corrected_negative	protozoa__NW_013653863.1	0	protozoa	protozoa	protozoa	protozoa	1	1	1269.0	1266.0
protozoa__NW_020312292.1	ga_corrected_negative	protozoa__NW_021639235.1	0	protozoa	protozoa	protozoa	protozoa	2	2	457.0	508.5
protozoa__NW_021639821.1	ga_corrected_negative	protozoa__NW_005434403.1	0	protozoa	protozoa	protozoa	protozoa	2	2	394.5	534.5
protozoa__NC_035271.1	ga_corrected_negative	protozoa__NW_013550293.1	0	protozoa	protozoa	protozoa	protozoa	1	1	644.0	643.0
protozoa__NW_013564583.1	ga_corrected_negative	protozoa__NW_014040077.1	0	protozoa	protozoa	protozoa	protozoa	1	1	628.0	632.0
protozoa__NC_031145.1	ga_corrected_negative	protozoa__NW_004086912.1	0	protozoa	protozoa	protozoa	protozoa	1	1	765.0	766.0
protozoa__NW_014039910.1	ga_corrected_negative	protozoa__NW_001853401.1	0	protozoa	protozoa	protozoa	protozoa	1	1	885.0	886.0
protozoa__NW_013549944.1	ga_corrected_negative	protozoa__NW_021629002.1	0	protozoa	protozoa	protozoa	protozoa	1	1	461.0	463.0
virus__NC_019445.1	ga_worse	virus__NC_028895.1	0	virus	virus	Duplodnaviria	Duplodnaviria	14	14	1567.0	1269.0
virus__NC_025441.1	ga_worse	virus__NC_042113.1	0	virus	virus	Duplodnaviria	Duplodnaviria	1	1	964.0	1034.0
virus__NC_022334.1	ga_worse	virus__NC_027387.1	0	virus	virus	Duplodnaviria	Duplodnaviria	1	1	1532.0	1562.0
virus__NC_005261.3	ga_worse	virus__NC_026611.1	0	virus	virus	Duplodnaviria	Duplodnaviria	18	18	1028.0	1019.5
virus__NC_008723.1	ga_worse	virus__NC_028652.1	0	virus	virus	Duplodnaviria	Duplodnaviria	2	2	1119.0	1093.0
virus__NC_041894.1	ga_worse	virus__NC_054804.1	0	virus	virus	Duplodnaviria	Duplodnaviria	2	2	789.5	784.5
virus__NC_021855.1	ga_worse	virus__NC_047774.1	0	virus	virus	Duplodnaviria	Duplodnaviria	1	1	1524.0	1565.0
virus__NC_018860.1	ga_worse	virus__NC_047770.1	0	virus	virus	Duplodnaviria	Duplodnaviria	2	2	563.0	672.0
virus__NC_051595.1	ga_worse	virus__NC_047953.1	0	virus	virus	Duplodnaviria	Duplodnaviria	2	2	497.0	689.5
virus__NC_051665.1	ga_worse	virus__NC_020874.1	0	virus	virus	Duplodnaviria	Duplodnaviria	1	1	694.0	702.0
virus__NC_054976.1	ga_worse	virus__NC_027204.1	0	virus	virus	Duplodnaviria	Duplodnaviria	1	1	764.0	772.0
virus__NC_030200.1	ga_worse	virus__NC_009333.1	0	virus	virus	Duplodnaviria	Duplodnaviria	121	119	1111.0	1185.0
virus__NC_047818.1	ga_worse	virus__NC_048814.1	0	virus	virus	Duplodnaviria	Duplodnaviria	6	6	1202.0	1221.5
virus__NC_031264.1	ga_worse	virus__NC_003907.2	0	virus	virus	Duplodnaviria	Duplodnaviria	40	40	1167.0	1216.0
virus__NC_054966.1	ga_worse	virus__NC_022061.1	0	virus	virus	Duplodnaviria	Duplodnaviria	17	17	1524.0	1317.0
virus__NC_024787.1	ga_worse	virus__NC_048830.1	0	virus	virus	Duplodnaviria	Duplodnaviria	2	2	548.5	699.5
virus__NC_054963.1	ga_worse	virus__NC_030903.1	0	virus	virus	Duplodnaviria	Duplodnaviria	5	5	894.0	1085.0
virus__NC_048738.1	ga_worse	virus__NC_042319.1	0	virus	virus	Duplodnaviria	Duplodnaviria	1	1	1516.0	1598.0
virus__NC_049375.1	ga_worse	virus__NC_031124.1	0	virus	virus	Duplodnaviria	Duplodnaviria	1	1	525.0	540.0
virus__NC_021298.1	ga_worse	virus__NC_027356.1	0	virus	virus	Duplodnaviria	Duplodnaviria	1	1	1908.0	1917.0
virus__NC_020199.1	ga_worse	virus__NC_019407.1	0	virus	virus	Duplodnaviria	Duplodnaviria	1	1	929.0	876.0
virus__NC_024363.1	ga_worse	virus__NC_053236.1	0	virus	virus	Duplodnaviria	Duplodnaviria	1	1	310.0	347.0
virus__NC_048100.1	ga_worse	virus__NC_053240.1	0	virus	virus	Duplodnaviria	Duplodnaviria	2	2	803.5	829.0
virus__NC_020868.1	ga_worse	virus__NC_042318.1	0	virus	virus	Duplodnaviria	Duplodnaviria	1	1	404.0	382.0
virus__NC_041855.1	ga_worse	virus__NC_023698.1	0	virus	virus	Duplodnaviria	Duplodnaviria	1	1	416.0	469.0
virus__NC_001847.1	ga_worse	virus__NC_051586.1	0	virus	virus	Duplodnaviria	Duplodnaviria	61	63	1027.0	1044.0
virus__NC_025424.1	ga_worse	virus__NC_048862.1	0	virus	virus	Duplodnaviria	Duplodnaviria	10	10	1155.0	1186.0
virus__NC_007060.1	ga_worse	virus__NC_021332.1	0	virus	virus	Duplodnaviria	Duplodnaviria	3	3	543.0	456.0
virus__NC_048704.1	ga_worse	virus__NC_054426.1	0	virus	virus	Duplodnaviria	Duplodnaviria	1	1	1931.0	1715.0
virus__NC_054987.1	ga_worse	virus__NC_031937.1	0	virus	virus	Duplodnaviria	Duplodnaviria	2	2	593.0	742.0
virus__NC_027398.1	ga_worse	virus__NC_021061.1	0	virus	virus	Duplodnaviria	Duplodnaviria	8	8	1390.0	1326.5
virus__NC_029008.1	ga_worse	virus__NC_028742.1	0	virus	virus	Duplodnaviria	Duplodnaviria	19	18	765.0	838.0
virus__NC_023704.1	ga_worse	virus__NC_041915.1	0	virus	virus	Duplodnaviria	Duplodnaviria	1	1	383.0	476.0
virus__NC_049341.1	ga_worse	virus__NC_055023.1	0	virus	virus	Duplodnaviria	Duplodnaviria	2	2	1004.0	995.0
virus__NC_021190.1	ga_worse	virus__NC_011222.1	0	virus	virus	Duplodnaviria	Duplodnaviria	13	13	1539.0	1370.0
virus__NC_023560.1	ga_worse	virus__NC_027994.1	0	virus	virus	Duplodnaviria	Duplodnaviria	6	6	1137.0	1191.0
virus__NC_048791.1	ga_worse	virus__NC_054424.1	0	virus	virus	Duplodnaviria	Duplodnaviria	3	3	738.0	733.0
virus__NC_028751.1	ga_worse	virus__NC_028825.1	0	virus	virus	Duplodnaviria	Duplodnaviria	1	1	962.0	1131.0
virus__NC_019419.2	ga_worse	virus__NC_047899.1	0	virus	virus	Duplodnaviria	Duplodnaviria	2	1	363.5	607.0
virus__NC_048088.1	ga_worse	virus__NC_055708.1	0	virus	virus	Duplodnaviria	Duplodnaviria	1	1	349.0	611.0
virus__NC_019422.1	ga_worse	virus__NC_028930.1	0	virus	virus	Duplodnaviria	Duplodnaviria	10	10	1276.5	1249.5
virus__NC_051597.1	ga_worse	virus__NC_042125.1	0	virus	virus	Duplodnaviria	Duplodnaviria	3	3	1457.0	1448.0
virus__NC_048872.1	ga_worse	virus__NC_047823.1	0	virus	virus	Duplodnaviria	Duplodnaviria	1	1	410.0	640.0
virus__NC_049429.1	ga_worse	virus__NC_042053.1	0	virus	virus	Duplodnaviria	Duplodnaviria	27	27	1124.0	1164.0
virus__NC_055133.1	ga_worse	virus__NC_003683.1	0	virus	virus	SmallRealm	SmallRealm	1	1	307.0	325.0
virus__NC_002362.1	ga_worse	virus__NC_003645.1	0	virus	virus	SmallRealm	SmallRealm	1	1	910.0	898.0
virus__NC_040382.1	ga_worse	virus__NC_010838.1	0	virus	virus	SmallRealm	SmallRealm	3	3	582.0	647.0
virus__NC_038879.1	ga_worse	virus__NC_017004.1	0	virus	virus	SmallRealm	SmallRealm	1	1	453.0	467.0
virus__NC_024700.1	ga_worse	virus__NC_029627.1	0	virus	virus	SmallRealm	SmallRealm	2	2	794.0	809.0
virus__NC_008780.1	ga_worse	virus__NC_003553.1	0	virus	virus	SmallRealm	SmallRealm	1	1	349.0	345.0
virus__NC_040379.1	ga_worse	virus__NC_040839.1	0	virus	virus	SmallRealm	SmallRealm	2	2	1091.5	1095.5
virus__NC_055592.1	ga_worse	virus__NC_055622.1	0	virus	virus	SmallRealm	SmallRealm	2	2	429.5	455.5
virus__NC_008283.1	ga_worse	virus__NC_055613.1	0	virus	virus	SmallRealm	SmallRealm	1	1	773.0	761.0
virus__NC_016031.1	ga_worse	virus__NC_026800.1	0	virus	virus	SmallRealm	SmallRealm	2	2	827.0	837.5
virus__NC_035114.1	ga_worse	virus__NC_034463.1	0	virus	virus	Riboviria	Riboviria	2	2	1049.0	1042.0
virus__NC_034496.1	ga_worse	virus__NC_025841.1	0	virus	virus	Riboviria	Riboviria	1	1	1048.0	1004.0
virus__NC_043620.1	ga_worse	virus__NC_006015.1	0	virus	virus	Riboviria	Riboviria	1	1	565.0	558.0
virus__NC_055535.1	ga_worse	virus__NC_033765.1	0	virus	virus	Riboviria	Riboviria	2	2	684.5	679.0
virus__NC_040737.1	ga_worse	virus__NC_043554.1	0	virus	virus	Riboviria	Riboviria	2	2	337.0	376.5
virus__NC_030747.1	ga_worse	virus__NC_006568.1	0	virus	virus	Riboviria	Riboviria	2	2	1239.0	1238.5
virus__NC_028257.1	ga_worse	virus__NC_028091.1	0	virus	virus	Varidnaviria	Varidnaviria	23	28	915.0	911.5
virus__NC_033335.1	ga_worse	virus__NC_038971.1	0	virus	virus	SmallRealm	SmallRealm	1	1	342.0	325.0
virus__NC_032508.1	ga_worse	virus__NC_040425.1	0	virus	virus	Riboviria	Riboviria	4	4	433.5	432.5
virus__NC_014846.1	ga_worse	virus__NC_023154.1	0	virus	virus	SmallRealm	SmallRealm	1	1	446.0	494.0
virus__NC_027059.1	ga_worse	virus__NC_026513.1	0	virus	virus	SmallRealm	SmallRealm	3	3	620.0	675.0
virus__NC_001942.1	ga_worse	virus__NC_001338.1	0	virus	virus	SmallRealm	SmallRealm	12	13	1351.5	1113.0
virus__NC_027704.1	ga_worse	virus__NC_030226.1	0	virus	virus	SmallRealm	SmallRealm	1	1	488.0	526.0
bacteria__GCF_000025905.1_ASM2590v1	ga_worse	bacteria__GCF_018986915.1_ASM1898691v1	0	bacteria	bacteria	bacteria	bacteria	18	19	990.5	982.0
bacteria__GCF_000210915.2_ASM21091v2	ga_worse	bacteria__GCF_017901175.1_ASM1790117v1	0	bacteria	bacteria	bacteria	bacteria	15	15	894.0	959.0
bacteria__GCF_001605725.1_ASM160572v1	ga_worse	bacteria__GCF_002291425.1_ASM229142v1	0	bacteria	bacteria	bacteria	bacteria	18	18	1061.0	1045.0
bacteria__GCF_002216855.1_ASM221685v1	ga_worse	bacteria__GCF_907164845.1_Lysobacter_CECT30171	0	bacteria	bacteria	bacteria	bacteria	10	11	1538.5	1533.0
bacteria__GCF_003966335.1_ASM396633v1	ga_worse	bacteria__GCF_000512915.1_ASM51291v1	0	bacteria	bacteria	bacteria	bacteria	13	13	1491.0	1417.0
bacteria__GCF_009177095.1_ASM917709v1	ga_worse	bacteria__GCF_009856605.1_ASM985660v1	0	bacteria	bacteria	bacteria	bacteria	30	29	886.5	904.0
bacteria__GCF_009911795.1_ASM991179v1	ga_worse	bacteria__GCF_003010915.2_ASM301091v2	0	bacteria	bacteria	bacteria	bacteria	23	23	1145.0	1127.0
bacteria__GCF_011207455.1_ASM1120745v1	ga_worse	bacteria__GCF_009739655.1_ASM973965v1	0	bacteria	bacteria	bacteria	bacteria	8	8	1323.0	1185.5
bacteria__GCF_011420305.2_ASM1142030v2	ga_worse	bacteria__GCF_009746125.1_ASM974612v1	0	bacteria	bacteria	bacteria	bacteria	17	16	1173.0	1169.5
bacteria__GCF_016904675.1_ASM1690467v1	ga_worse	bacteria__GCF_002288145.1_ASM228814v1	0	bacteria	bacteria	bacteria	bacteria	8	8	600.5	647.0
bacteria__GCF_017298635.1_ASM1729863v1	ga_worse	bacteria__GCF_003015185.1_ASM301518v1	0	bacteria	bacteria	bacteria	bacteria	22	22	1245.5	1210.0
bacteria__GCF_022024215.1_ASM2202421v1	ga_worse	bacteria__GCF_002795845.1_ASM279584v1	0	bacteria	bacteria	bacteria	bacteria	14	14	1255.5	1270.0
bacteria__GCF_901538265.1_ASM90153826v1	ga_worse	bacteria__GCF_011764565.1_ASM1176456v1	0	bacteria	bacteria	bacteria	bacteria	36	38	1071.5	1056.5
fungi__GCF_000277815.2_ASM27781v3	ga_worse	fungi__GCF_001417885.1_Kmar_1.0	0	fungi	fungi	fungi	fungi	49	221	1139.0	1091.0
plasmid__NZ_CP104936.1	ga_worse	plasmid__NZ_CP050099.1	0	plasmid	plasmid	plasmid	plasmid	2	2	1544.5	1549.5
plasmid__NZ_CP084588.1	ga_worse	plasmid__NZ_CP086113.1	0	plasmid	plasmid	plasmid	plasmid	4	4	1193.5	1222.0
plasmid__NZ_CP104888.1	ga_worse	plasmid__NZ_CP086974.1	0	plasmid	plasmid	plasmid	plasmid	5	5	849.0	848.0
plasmid__NZ_CP012886.2	ga_worse	plasmid__NZ_CP034475.1	0	plasmid	plasmid	plasmid	plasmid	8	8	749.5	818.0
plasmid__NZ_CP091649.1	ga_worse	plasmid__NZ_CM002260.1	0	plasmid	plasmid	plasmid	plasmid	3	3	1243.0	1257.0
plasmid__NZ_CP092665.1	ga_worse	plasmid__NZ_JACGYD010000002.1	0	plasmid	plasmid	plasmid	plasmid	5	5	1133.0	1152.0
plasmid__NZ_CP010801.1	ga_worse	plasmid__NZ_SIJQ01000004.1	0	plasmid	plasmid	plasmid	plasmid	2	2	1246.0	1244.0
plasmid__NZ_CP085145.1	ga_worse	plasmid__NZ_MN208064.1	0	plasmid	plasmid	plasmid	plasmid	3	3	1026.0	1035.0
plasmid__NZ_CP044126.1	ga_worse	plasmid__NC_015727.1	0	plasmid	plasmid	plasmid	plasmid	14	14	1115.0	1177.0
plasmid__NZ_CP087003.1	ga_worse	plasmid__NZ_CP028286.1	0	plasmid	plasmid	plasmid	plasmid	2	2	1266.5	1262.0
plasmid__NZ_CP126280.1	ga_worse	plasmid__NZ_CP042376.1	0	plasmid	plasmid	plasmid	plasmid	1	1	1185.0	1185.0
protozoa__NW_003163324.1	ga_worse	protozoa__NW_008705597.1	0	protozoa	protozoa	protozoa	protozoa	4	4	932.0	973.5
protozoa__NW_002238038.1	ga_worse	protozoa__NW_003210279.1	0	protozoa	protozoa	protozoa	protozoa	2	2	1133.5	1135.5
protozoa__NW_025408002.1	ga_worse	protozoa__NW_004191756.1	0	protozoa	protozoa	protozoa	protozoa	3	3	1351.0	1340.0
protozoa__NC_027219.1	ga_worse	protozoa__NW_005201792.1	0	protozoa	protozoa	protozoa	protozoa	9	9	1024.0	991.0
protozoa__NC_007344.1	ga_worse	protozoa__NC_051306.1	0	protozoa	protozoa	protozoa	protozoa	23	23	1257.0	1203.0
protozoa__NW_020188273.1	ga_worse	protozoa__NW_014039536.1	0	protozoa	protozoa	protozoa	protozoa	2	2	1017.0	1013.5
protozoa__NC_080230.1	ga_worse	protozoa__NW_005198167.1	0	protozoa	protozoa	protozoa	protozoa	6	6	1144.0	1048.0
protozoa__NW_003208828.1	ga_worse	protozoa__NW_008576612.1	0	protozoa	protozoa	protozoa	protozoa	1	1	1030.0	1033.0
protozoa__NC_051860.1	ga_worse	protozoa__NW_008705565.1	0	protozoa	protozoa	protozoa	protozoa	35	31	1055.0	993.0
protozoa__NW_020187100.1	ga_worse	protozoa__NW_001859911.1	0	protozoa	protozoa	protozoa	protozoa	1	1	484.0	483.0
protozoa__NW_003303668.1	ga_worse	protozoa__NW_004085919.1	0	protozoa	protozoa	protozoa	protozoa	3	3	851.0	884.0
protozoa__NW_003163267.1	ga_worse	protozoa__NW_013566723.1	0	protozoa	protozoa	protozoa	protozoa	2	2	793.0	795.5
protozoa__NW_003206638.1	ga_worse	protozoa__NW_002476162.1	0	protozoa	protozoa	protozoa	protozoa	1	1	1014.0	1015.0
protozoa__NW_003202385.1	ga_worse	protozoa__NW_009798292.1	0	protozoa	protozoa	protozoa	protozoa	5	5	1296.0	1282.0
protozoa__NW_002196575.1	ga_worse	protozoa__NW_012156427.1	0	protozoa	protozoa	protozoa	protozoa	9	8	1592.0	1611.0
protozoa__NW_014034250.1	ga_worse	protozoa__NW_013651756.1	0	protozoa	protozoa	protozoa	protozoa	1	1	696.0	692.0
protozoa__NW_008825626.1	ga_worse	protozoa__NW_003519753.1	0	protozoa	protozoa	protozoa	protozoa	3	3	1254.0	1284.0
protozoa__NW_004668230.1	ga_worse	protozoa__NW_015438361.1	0	protozoa	protozoa	protozoa	protozoa	22	22	1208.5	1050.0
protozoa__NW_013574902.1	ga_worse	protozoa__NW_004457632.1	0	protozoa	protozoa	protozoa	protozoa	1	1	1379.0	1379.0
